regime,country,variable,coef,se,t,p,nobs,maxlags_used
GS,Australia,liquid_liabilities,-0.37183125358351077,0.3425757548930609,-1.0853986257713488,0.2777451407839614,29,2
GS,Australia,bank_loans_gdp,-0.3032822796701705,0.295893594628917,-1.0249707502135006,0.3053769892508289,29,2
GS,Australia,mcap_gdp,0.21260272313444661,0.2328904026864367,0.9128874383917598,0.36130174477807264,29,2
GS,Canada,liquid_liabilities,-1.514826365061195,0.47496351762444994,-3.18935309523911,0.0014259159241872621,29,2
GS,Canada,bank_loans_gdp,-0.7884294380618889,0.4451383296584287,-1.7712009627813456,0.07652728922885359,29,2
GS,Canada,mcap_gdp,0.49503302506055796,0.13071675646107572,3.787066313934792,0.0001524364276050871,29,2
GS,Denmark,liquid_liabilities,0.22199193417299584,0.17536320092224897,1.2658980504776525,0.20554958447103877,38,2
GS,Denmark,bank_loans_gdp,-0.031668864035744676,0.058354566929057855,-0.5426972677947346,0.5873382557110368,38,2
GS,Denmark,mcap_gdp,-0.2944432967556467,0.144098338459285,-2.0433497006548875,0.04101783290228767,38,2
GS,Germany,liquid_liabilities,-0.06630295823149066,0.23512668776756013,-0.2819882288183125,0.7779525362408787,38,2
GS,Germany,bank_loans_gdp,-0.2867696317025512,0.3226474492805805,-0.888801793852617,0.37410961164147183,38,2
GS,Germany,mcap_gdp,0.49693987872623724,0.4766522382468949,1.042562771873178,0.2971508388013867,38,2
GS,Norway,liquid_liabilities,0.5825886607044168,0.26186121179076277,2.2247993764342913,0.02609470928799597,38,2
GS,Norway,bank_loans_gdp,-0.4477027243033455,0.24275113995296008,-1.8442868049563048,0.06514135345883344,38,2
GS,Norway,mcap_gdp,-0.2151961358784023,0.13073569457672743,-1.6460396418524086,0.09975559771477432,38,2
GS,Sweden,liquid_liabilities,0.39422669441809977,0.2801264478599671,1.4073169364399696,0.15933342940826611,38,2
GS,Sweden,bank_loans_gdp,-0.16408853560643363,0.22673979154028623,-0.7236865417038149,0.4692581973992508,38,2
GS,Sweden,mcap_gdp,-0.08095440132020289,0.06656229361650987,-1.2162201288707284,0.22390107784044588,38,2
GS,Switzerland,liquid_liabilities,0.3777141114752552,0.2989018545527403,1.263672692966208,0.2063475302219525,38,2
GS,Switzerland,bank_loans_gdp,-0.20047689659022275,0.1039515704763238,-1.9285605371001462,0.053785442107252404,38,2
GS,Switzerland,mcap_gdp,0.2981551330560504,0.2043939546737908,1.4587277472658173,0.14464005591627824,38,2
GS,United Kingdom,liquid_liabilities,0.3655343864535564,0.4836068929704834,0.7558502406951145,0.44973899046516086,38,2
GS,United Kingdom,bank_loans_gdp,-1.2990690419470394,0.4302933862581879,-3.019030929672626,0.002535846412032711,38,2
GS,United Kingdom,mcap_gdp,0.49123913247092144,0.1027758337815547,4.77971439779343,1.7554438485109743e-06,38,2
GS,United States,liquid_liabilities,0.5611374315956102,1.0409100049836024,0.5390835220230685,0.5898292249741879,29,2
GS,United States,bank_loans_gdp,-1.3023277227334364,0.9101003212621781,-1.4309716108299966,0.15243835160202887,29,2
GS,United States,mcap_gdp,0.06827037876563123,0.08860381100053231,0.7705128932345933,0.4409957098812075,29,2
BW,Australia,liquid_liabilities,0.04156111082913359,0.33417802709081873,0.12436817342822673,0.9010237715969927,44,2
BW,Australia,bank_loans_gdp,-0.5891474753596629,0.41884742872976694,-1.4065920785197672,0.15954838336258992,44,2
BW,Australia,mcap_gdp,0.2942328005287863,0.1384104402150036,2.1257991815626904,0.033519984212060955,44,2
BW,Canada,liquid_liabilities,0.03970807885851171,0.3689742537606314,0.10761747860129002,0.9142991315969679,44,2
BW,Canada,bank_loans_gdp,-0.6980923365454255,0.28971942457053773,-2.409546193115062,0.01597237396051978,44,2
BW,Canada,mcap_gdp,0.178838128508475,0.07312814946801999,2.4455442918965633,0.014463368225146916,44,2
BW,Denmark,liquid_liabilities,0.8214274389114357,0.36637991704322376,2.2420100030060532,0.024960725816609696,44,2
BW,Denmark,bank_loans_gdp,-0.11843081063744132,0.10627889598531842,-1.11433986530874,0.265133410722344,44,2
BW,Denmark,mcap_gdp,0.044479781792247236,0.3556034731604369,0.12508252913542098,0.9004582143927152,44,2
BW,Germany,liquid_liabilities,-0.04415383249174659,0.34853693489180665,-0.126683367160077,0.8991910108452951,44,2
BW,Germany,bank_loans_gdp,0.1233491157280033,0.21485142307432084,0.5741135616557433,0.5658909567687863,44,2
BW,Germany,mcap_gdp,-2.049456494655528,0.8665036786024849,-2.3652023012307737,0.018020224443807107,44,2
BW,Norway,liquid_liabilities,0.18980000921065932,0.1019738684307576,1.8612612439974021,0.06270729335644984,44,2
BW,Norway,bank_loans_gdp,-0.09328035405549413,0.07049151604221861,-1.32328483330713,0.1857406734897279,44,2
BW,Norway,mcap_gdp,1.9905282023380622,0.5522854342926163,3.604165670035441,0.00031315726703405226,44,2
BW,Sweden,liquid_liabilities,0.02949357651928009,0.36212866392324566,0.08144502067235239,0.9350880466881222,44,2
BW,Sweden,bank_loans_gdp,0.017940126337174074,0.16412851063899844,0.10930536240978558,0.9129602934944503,44,2
BW,Sweden,mcap_gdp,0.3447554302489941,0.1491747044851047,2.311085055867621,0.02082815726381099,44,2
BW,Switzerland,liquid_liabilities,-0.05363219249127992,0.14924499743327965,-0.3593567182394594,0.7193282489824051,44,2
BW,Switzerland,bank_loans_gdp,-0.024266193106424493,0.06715967488572738,-0.36132088411258056,0.7178595835125547,44,2
BW,Switzerland,mcap_gdp,0.05947045817972434,0.06360185444955697,0.9350428331754184,0.34976622567794957,44,2
BW,United Kingdom,liquid_liabilities,-0.23758047199424587,0.15698178491087872,-1.5134270012863238,0.13017123066339711,44,2
BW,United Kingdom,bank_loans_gdp,-0.676962834456561,0.2859077454856578,-2.3677666839932465,0.017895817428584215,44,2
BW,United Kingdom,mcap_gdp,0.11003982487793229,0.05634163264731353,1.953081934397568,0.05080988726186219,44,2
BW,United States,liquid_liabilities,-0.851373882153718,0.3626753294074714,-2.3474822054884967,0.018900775952479017,44,2
BW,United States,bank_loans_gdp,-0.6612536686166387,0.23628683963644112,-2.7985209402016036,0.005133724056491385,44,2
BW,United States,mcap_gdp,0.21635990192565752,0.11715609393678152,1.8467660934684906,0.0647810479763964,44,2
FIN,Australia,liquid_liabilities,0.16272922079069868,0.13363283369868828,1.2177338180047588,0.2233251414037396,43,2
FIN,Australia,bank_loans_gdp,-0.13025694851903824,0.06936807774822494,-1.8777650000885513,0.06041332023139509,43,2
FIN,Australia,mcap_gdp,0.05205727431385426,0.024475391614483515,2.126923039018871,0.03342647824518944,43,2
FIN,Canada,liquid_liabilities,0.13495626348480003,0.20342267289348184,0.663427835084377,0.5070565836701184,43,2
FIN,Canada,bank_loans_gdp,-0.16570994279127874,0.16088947363452577,-1.0299613706717885,0.3030281396074834,43,2
FIN,Canada,mcap_gdp,0.012852983368296742,0.016869769128611448,0.7618944438603987,0.4461230063699877,43,2
FIN,Denmark,liquid_liabilities,0.16585228925281856,0.12173102637967338,1.3624487871771738,0.17305629593365468,43,2
FIN,Denmark,bank_loans_gdp,-0.1229858453303895,0.024000115187021116,-5.124385627819749,2.9850948055138654e-07,43,2
FIN,Denmark,mcap_gdp,0.01897730211717259,0.022457793694395257,0.8450207698679106,0.39809924269030617,43,2
FIN,Germany,liquid_liabilities,-0.29234310541206415,0.10949543298366193,-2.6699114058545743,0.007587126287039423,43,2
FIN,Germany,bank_loans_gdp,-0.057479576218887836,0.06895512977929959,-0.8335794074039039,0.4045180337476434,43,2
FIN,Germany,mcap_gdp,0.08676826521053001,0.03998820354798968,2.1698465425284676,0.030018473164193003,43,2
FIN,Norway,liquid_liabilities,0.21443449954897625,0.2324980813714253,0.9223065338178351,0.3563687068750351,43,2
FIN,Norway,bank_loans_gdp,-0.3249811575654297,0.1025368963880461,-3.169407003851118,0.0015275033090786849,43,2
FIN,Norway,mcap_gdp,0.09695059274601162,0.046726539182731876,2.074850704582898,0.03800037359650568,43,2
FIN,Sweden,liquid_liabilities,-0.16296683538416745,0.08259681153441369,-1.9730402706437145,0.04849097441608546,43,2
FIN,Sweden,bank_loans_gdp,-0.046975188968491614,0.039192629939713584,-1.1985720029696711,0.23069440992125811,43,2
FIN,Sweden,mcap_gdp,0.05145580348218138,0.014907567371327675,3.4516566117385725,0.0005571563090327281,43,2
FIN,Switzerland,liquid_liabilities,-0.21776932568556828,0.07696626862522235,-2.8294125410440367,0.004663354390632366,43,2
FIN,Switzerland,bank_loans_gdp,0.20970543514826537,0.10501360780451702,1.996935821295011,0.04583215525319059,43,2
FIN,Switzerland,mcap_gdp,0.026962286809819245,0.008342877752505183,3.2317729696714137,0.0012302475764070914,43,2
FIN,United Kingdom,liquid_liabilities,-0.15996428870588236,0.0722835978304653,-2.213009500178232,0.02689699068525342,43,2
FIN,United Kingdom,bank_loans_gdp,-0.015603308659929985,0.06807040977626001,-0.22922307521309704,0.8186955385748925,43,2
FIN,United Kingdom,mcap_gdp,0.03986509101381463,0.015359080053407513,2.5955389824907056,0.009444268900976209,43,2
FIN,United States,liquid_liabilities,-0.14890063518983537,0.08370620890465434,-1.778848154017354,0.07526466002309615,43,2
FIN,United States,bank_loans_gdp,0.1493586989922933,0.12787469999532514,1.1680082064532982,0.24280345467629105,43,2
FIN,United States,mcap_gdp,0.040465289036953886,0.01768455785098724,2.2881708085619406,0.02212757597242274,43,2
